Top queries,Clicks,Impressions,CTR,Position
mjm groundworks,3,55,5.45%,5.65
mjm services,1,42,2.38%,5.48
groundworks bromley,0,719,0%,26.56
drainage engineer mytchett,0,376,0%,47.48
groundworks weybridge,0,371,0%,26.2
demolition groundworks bromley,0,371,0%,39.86
groundwork contractors bromley,0,307,0%,28.6
mytchett drainage services,0,272,0%,73.21
drainage services mytchett,0,266,0%,79.32
groundworks egham,0,264,0%,19.37
ash vale drainage services,0,249,0%,76.61
building foundations bromley,0,229,0%,21.84
groundwork services bromley,0,209,0%,42.48
groundworks addlestone,0,203,0%,19.2
groundworks west wickham,0,184,0%,36.53
commercial groundwork services bromley,0,180,0%,48.91
drainage service ash vale,0,174,0%,85.52
drainage groundworks bromley,0,165,0%,44.12
groundworks contractor slough,0,163,0%,38.16
commercial drainage pangbourne,0,160,0%,26.68
foundation groundworks bromley,0,160,0%,27.2
groundworks in bromley,0,138,0%,26.2
mugswell car hire,0,136,0%,39.35
groundworks caterham,0,134,0%,33.25
surfacing contractor lower kingswood,0,130,0%,49.64
drainage company near birches green,0,125,0%,11.5
drainage engineer ash vale,0,124,0%,51.97
garden groundworks bromley,0,122,0%,44.62
surfacing contractors warlingham,0,118,0%,77.67
groundworks walton on thames,0,117,0%,27.39
groundworks cobham,0,113,0%,48.43
groundworks banstead,0,109,0%,23.09
groundwork contractors surrey,0,107,0%,64.14
residential water well drilling horsley cross,0,102,0%,40.74
foundation specialists hackney,0,100,0%,25.87
digger hire bushey,0,98,0%,36.54
digger hire sandy,0,97,0%,18
surfacing contractor ashtead,0,96,0%,51
surfacing contractors lingfield,0,95,0%,66.15
digger hire shefford,0,94,0%,18.69
groundworks thames ditton,0,93,0%,6.43
groundworks hersham,0,92,0%,13.6
groundworks hanworth,0,90,0%,3.39
concrete foundations ashford,0,90,0%,27.47
well diggers upton,0,89,0%,53.29
groundworks bourne,0,88,0%,15.7
groundworks esher,0,86,0%,21.84
groundwork contractors horley,0,84,0%,41.74
industrial groundworks slough,0,84,0%,56.54
building foundations godstone,0,83,0%,18.66
digger hire abbots langley,0,82,0%,28.67
groundworks horley,0,82,0%,39.65
removals wanborough,0,81,0%,85.05
moling in caterham,0,80,0%,42.36
well diggers bracknell berkshire,0,78,0%,9.76
moling in gatwick,0,78,0%,34.82
groundworks mountain ash,0,77,0%,31.79
groundworks basildon,0,74,0%,51.95
paving contractors ashtead,0,74,0%,83.27
well diggers earley berkshire,0,73,0%,4.85
groundworks godstone,0,73,0%,27.37
groundworks the moleseys,0,73,0%,32.4
driveway contractor lower kingswood,0,73,0%,87.55
driveway groundworks bromley,0,72,0%,49.12
newtown groundworks,0,72,0%,52.42
paving contractors lingfield,0,72,0%,83.93
well diggers looe,0,70,0%,8.17
groundworks hampton,0,70,0%,25.5
moling in banstead,0,70,0%,35.93
groundworks byfleet,0,70,0%,41.54
well diggers birtley,0,69,0%,5.3
plant hire hackney,0,69,0%,11.35
well diggers hungerford berkshire,0,68,0%,5.51
groundworks reigate,0,68,0%,29.93
digger hire tottenham,0,68,0%,30.35
new homes in ramsnest common,0,68,0%,42.66
surfacing contractor lingfield,0,68,0%,67.21
well diggers lambourn berkshire,0,67,0%,4.15
surfacing contractors ashtead,0,67,0%,68
well diggers sandhurst berkshire,0,66,0%,6.17
digger hire palmers green,0,66,0%,28.23
stump grinding bletchingley,0,66,0%,61.39
paving contractor lingfield,0,66,0%,77.85
groundworks contractor newtown,0,65,0%,40.85
groundworks in surrey,0,65,0%,94.45
fencing contractors in bletchingley,0,62,0%,63.06
groundworks oxshott,0,60,0%,22.67
groundworks camberley,0,60,0%,54.52
surfacing contractor warlingham,0,60,0%,87.73
concrete hayes epsom,0,59,0%,29.76
new resin driveways newdigate,0,59,0%,44.29
landscape gardeners bletchingley,0,59,0%,79.98
well diggers ascot berkshire,0,58,0%,7.16
new garden fencing bletchingley,0,58,0%,70.62
well diggers maidenhead berkshire,0,57,0%,9.11
groundworks chertsey,0,56,0%,19.55
plant hire in ewell,0,56,0%,31.21
groundwork contractors pinner,0,55,0%,17.49
foundation specialists enfield,0,55,0%,78.6
groundwork enfield,0,54,0%,29.85
drainage banstead,0,54,0%,53
well diggers windsor berkshire,0,53,0%,9.17
heron haslemere,0,52,0%,66.98
drain clearance whyteleafe,0,52,0%,73.35
groundworks addleston,0,51,0%,7.57
groundwork contractors london,0,51,0%,60.65
burgh heath car hire,0,51,0%,83.31
well diggers thatcham berkshire,0,50,0%,8
groundworks dorking,0,49,0%,11.94
groundwork companies pinner,0,49,0%,18.35
equine groundworks godstone,0,49,0%,20.37
moling in cobham,0,49,0%,40.45
new builds in deepcut,0,49,0%,50.86
brickwork contractor ewell,0,48,0%,44.17
groundworks stroud,0,48,0%,72.27
groundworks bedfont,0,47,0%,3.81
surfacing contractor esher,0,47,0%,90.19
well diggers eton berkshire,0,46,0%,3.02
drainage chertsey,0,46,0%,56.41
crowhurst fencing installations,0,46,0%,81.96
drainage acton,0,45,0%,55.76
paving chelsham,0,44,0%,67.64
groundworks contractor london,0,44,0%,70.09
groundworks ashford,0,44,0%,85.41
groundwork barnet,0,44,0%,90.89
groundworks ashtead,0,43,0%,12.56
groundworks barnet,0,43,0%,26.63
groundworks contractor basildon,0,43,0%,27.72
stump grinding tatsfield,0,43,0%,54.16
building foundations caterham,0,42,0%,35.57
groundworks southend,0,42,0%,43
groundworks woldingham,0,42,0%,44.45
landscape gardeners in bletchingley,0,42,0%,80
groundworks farnborough,0,41,0%,40.29
fencing contractor in bletchingley,0,41,0%,56.56
stump grinding moor park hertfordshire,0,41,0%,64.93
tree stump removal bletchingley,0,41,0%,78.63
well diggers slough berkshire,0,40,0%,10.18
brickwork in dorking,0,40,0%,25.07
landscape gardener limpsfield chart,0,40,0%,68.03
concrete contractors hertfordshire epsom,0,39,0%,23.31
new resin bound driveways newdigate,0,39,0%,49.1
stump grinding service tatsfield,0,38,0%,57.53
garden fencing crowhurst,0,38,0%,59.63
stump grinding eastbury hertfordshire,0,38,0%,61.18
plant hire shefford,0,37,0%,41.35
digger hire enfield,0,37,0%,73.51
groundwork services london,0,37,0%,76
high end smart home solutions caversham heights,0,36,0%,49.89
garden buildings upper bucklebury,0,36,0%,53.22
digger hire harrold,0,36,0%,81.89
foundation specialists hertfordshire,0,35,0%,15.57
drain repair near me birches green,0,35,0%,37.63
moj groundworks,0,35,0%,38.23
groundworks twickenham,0,35,0%,39.91
moling in redhill,0,35,0%,46.86
groundworks contractor woking,0,35,0%,52.91
surfacing contractor dorking,0,35,0%,56.43
groundworks contractor guildford,0,35,0%,72.74
ground work companies bromley,0,35,0%,84.66
water boreholes horsleycross street,0,34,0%,6.53
groundworks in oxted,0,34,0%,28.56
groundworks contractor stock,0,34,0%,49.97
driveway contractors lower kingswood,0,34,0%,93.29
digger hire hazlemere,0,33,0%,24.09
groundworks epsom,0,33,0%,34.94
plant hire in esher,0,33,0%,58.33
construction materials chiddingfold,0,33,0%,72.15
garden buildings sulhamstead,0,33,0%,74.73
drain survey lawrence weston,0,33,0%,77.88
ground work company bromley,0,33,0%,94.85
foundations contractors bromley,0,32,0%,32.41
digger hire epsom,0,32,0%,42.16
drainage contractors east horsley,0,32,0%,44.62
wasp nest removal warlingham,0,32,0%,60.31
garden clearance datchet,0,32,0%,71.22
site clearance hertford,0,32,0%,73.53
commercial groundworks bromley,0,32,0%,77.91
foundation specialists barnet,0,31,0%,27.42
resin bound surfaces eastbury hertfordshire,0,31,0%,47.42
resin driveways newdigate,0,31,0%,53.1
drainage materals chiddingfold,0,31,0%,67.94
farleigh garden clearance specialists,0,31,0%,75.74
drain clearance chipstead,0,31,0%,85.68
moling in oxted,0,30,0%,34.73
resin driveway newdigate,0,30,0%,43.9
quality driveways south godstone,0,30,0%,62.53
surfacing contractors forest row,0,30,0%,77.3
surfacing contractor oxted,0,30,0%,90.77
groundworks contractor enfield,0,29,0%,22.41
groundworkers blackheath,0,29,0%,26
groundworks ascot,0,29,0%,26.03
groundwork contractors uxbridge,0,29,0%,31.9
tree stump removal enton green,0,29,0%,39.9
water boreholes wickham bishops,0,29,0%,39.9
groundwork contractors ruislip,0,29,0%,56.17
resin driveways chelsham,0,29,0%,67.34
garden clearance tatsfield,0,29,0%,77
building sand chiddingfold,0,28,0%,40.5
surfacing contractors lower kingswood,0,28,0%,49.25
tree felling shottermill,0,28,0%,75.18
fencing shadwell,0,28,0%,75.36
garden clearance services farleigh,0,28,0%,80.39
surfacing contractors dorking,0,28,0%,81.89
drainage company merstham,0,28,0%,91.46
digger hire warlingham,0,27,0%,11.11
resin driveway chelsham,0,27,0%,59.07
demolition lower kingswood,0,27,0%,62.59
drain clearance godstone,0,27,0%,78.22
resin driveways farleigh,0,27,0%,80.96
new resin driveways lingfield,0,27,0%,85.63
groundworks frimley,0,26,0%,30.85
concrete bases banstead,0,26,0%,32.58
groundworks in caterham,0,26,0%,32.73
groundworking newland,0,26,0%,63
new builds in ottershaw,0,26,0%,67.04
driveway contractor lingfield,0,26,0%,72.62
concrete driveway installation godstone,0,26,0%,75.04
building contractor hersham,0,26,0%,79.65
groundwork contractors in london,0,26,0%,79.92
tree felling artington,0,26,0%,80.62
blocked drain frimley,0,26,0%,85.92
blocked drains birches green,0,25,0%,26.64
new builds in wanborough,0,25,0%,83.44
drain clearance merstham,0,25,0%,83.72
digger hire chipstead,0,24,0%,11.71
groundwork contractors woldingham,0,24,0%,24.12
drainage wanborough,0,24,0%,24.38
groundwork contractors in caterham,0,24,0%,31.79
groundworks sandhurst,0,24,0%,34.46
groundwork contractors in purley,0,24,0%,34.54
tree stump removal shottermill,0,24,0%,43.75
new homes in culmers,0,24,0%,47.12
mini digger hire redhill,0,24,0%,73.21
surfacing contractor banstead,0,24,0%,82.21
drain clearing merstham,0,24,0%,89
building company box hill,0,23,0%,8.35
groundworks in purley,0,23,0%,29.96
brickwork contractor godstone,0,23,0%,31.26
excavator services epsom,0,23,0%,46.74
resin bound driveways newdigate,0,23,0%,48.61
blocked drain wormley,0,23,0%,60.3
tree felling whitebushes,0,23,0%,78.48
drain survey hungerford,0,23,0%,82
bletchingley landscape gardening experts,0,23,0%,82.48
new houses in shinfield,0,23,0%,84.48
driveway contractors lingfield,0,23,0%,84.96
new resin driveways merstham,0,23,0%,86.83
new resin driveways dorking,0,23,0%,90.57
wood fencing contractors in my area finchley,0,23,0%,91.09
driveway contractors ashtead,0,23,0%,93.87
groundwork services pirbright,0,22,0%,4.82
digger hire tatsfield,0,22,0%,11.45
groundwork contractors dorking,0,22,0%,11.91
concrete bases epsom,0,22,0%,24.91
new resin driveways chelsham,0,22,0%,73
garden fencing bletchingley,0,22,0%,80.18
surfacing contractor forest row,0,22,0%,84.59
surfacing contractors banstead,0,22,0%,89.77
blocked drain kingsbury,0,22,0%,91.45
residential water well drilling horsleycross street,0,21,0%,7.52
eastfields green sonning,0,21,0%,9.29
foundations contractor hertfordshire,0,21,0%,18.33
garden fencing in shurlock row,0,21,0%,21.29
resin driveways eastbury hertfordshire,0,21,0%,56.48
groundworks chorleywood,0,21,0%,57.67
tree stump removal heatherside,0,21,0%,60.52
tree stump removal hamm court,0,21,0%,61.19
groundworks minster,0,21,0%,66.19
crowhurst new fencing installations,0,21,0%,75.71
surfacing contractors esher,0,21,0%,79.9
groundwork company surrey,0,21,0%,86.81
demolition warlingham,0,21,0%,87.14
building contractor claygate,0,21,0%,90.24
grounds maintenance holmbury st mary,0,20,0%,11.25
contaminated soil removal hertfordshire,0,20,0%,24.5
jm groundworks,0,20,0%,29.55
concrete removal newbury,0,20,0%,42.55
groundwork contractor in farnborough,0,20,0%,49.9
drainage contractors cranleigh,0,20,0%,54.5
general groundwork banstead,0,20,0%,64.55
tree stump removal pachesham,0,20,0%,67.05
new resin driveways farleigh,0,20,0%,68.95
new builds in arborfield,0,20,0%,77.6
paving contractor ashtead,0,20,0%,80.2
ash drainage engineer,0,20,0%,82.15
surfacing contractors oxted,0,20,0%,84.65
trench fill foundations in hertford,0,19,0%,10.79
groundwork contractors reigate,0,19,0%,33.42
digger hire twickenham,0,19,0%,39.42
drainage contractors haslemere,0,19,0%,55.16
catering equipment hire elmbridge,0,19,0%,61.42
surfacing contractor weybridge,0,19,0%,68.32
groundwork contractors berkhamsted,0,19,0%,95.74
plant hire caterham,0,18,0%,16.33
tower hire worcester park,0,18,0%,22.67
groundworks cranleigh,0,18,0%,34.72
groundwork contractor in bracknell,0,18,0%,37.11
specialty concrete woking epsom,0,18,0%,44.22
groundwork contractors cobham,0,18,0%,45.56
drainage contractors cobham,0,18,0%,59.06
digger hire salcombe,0,18,0%,61.28
stump removal hendon,0,18,0%,64.61
tree stump removal holmbury st mary,0,18,0%,74.5
resin driveway merstham,0,18,0%,89.56
resin driveways twickenham,0,18,0%,90.11
new builds in whiteley,0,18,0%,92.78
excavator services horley,0,17,0%,32.41
excavator services cobham,0,17,0%,38.53
groundworks feltham,0,17,0%,39.82
groundworks sandy,0,17,0%,42
limpsfield stump removal specialists,0,17,0%,42
groundwork contractors in haslemere,0,17,0%,42.59
resin driveway farleigh,0,17,0%,76.41
blocked drain stepney,0,17,0%,76.82
new resin driveways west norwood,0,17,0%,79.76
new builds in shinfield,0,17,0%,81.47
tree felling dormansland,0,17,0%,82.06
new builds whyteleafe,0,17,0%,85.47
blocked drain merstham,0,17,0%,86.41
driveway contractors godstone,0,17,0%,87.59
tree felling burntcommon,0,17,0%,89.29
groundwork contractor surrey,0,17,0%,92.82
groundworks in london,0,17,0%,95.47
groundwork construction dorking,0,16,0%,10.75
digger hire caterham,0,16,0%,13.06
digger hire hayes,0,16,0%,21.19
groundworks in weybridge,0,16,0%,25.06
groundwork contractor in weybridge,0,16,0%,26.12
tree stump removal stanwell moor,0,16,0%,32.12
groundworks worcester park,0,16,0%,41.81
digger hire hale,0,16,0%,45
concrete for foundations ashford,0,16,0%,49.06
moling services in woodbridge,0,16,0%,52
stump grinding lawrence weston,0,16,0%,56.06
stump removal north mimms,0,16,0%,56.19
new builds in emmer green,0,16,0%,82.56
avington manor,0,16,0%,85.5
paving contractor warlingham,0,16,0%,87.12
groundwork contractors chorleywood,0,16,0%,91.81
drainage installations woldingham,0,15,0%,10.4
site clearance whiteheath,0,15,0%,24.33
brickwork contractor teddington,0,15,0%,33.47
site clearance mayford,0,15,0%,41.47
groundwork contractors oxted,0,15,0%,42.33
groundworks plant hire london,0,15,0%,43.4
moling in reigate,0,15,0%,56.47
foundations concrete woking,0,15,0%,57.93
garden fencing limpsfield,0,15,0%,73.53
garden buildings burchetts green,0,15,0%,82.4
drain services merstham,0,15,0%,94.73
mini digger hire dorking,0,15,0%,95.07
groundworks desborough,0,14,0%,6
well diggers reading berkshire,0,14,0%,8.57
groundworks ash,0,14,0%,9.21
tree stump removal dunsfold,0,14,0%,30.57
residential water boreholes horsley cross,0,14,0%,38.64
groundworks contractor in camberley,0,14,0%,38.93
groundworks contractor in oxted,0,14,0%,41.36
groundworks horncastle,0,14,0%,42.43
groundworks woking,0,14,0%,44.14
groundwork services camberley,0,14,0%,48.71
digger hire clapham bedfordshire,0,14,0%,52
groundworks contractor surrey,0,14,0%,54.07
stump removal mossend,0,14,0%,55.71
driveway contractor ashtead,0,14,0%,77
gardeners egham,0,14,0%,80
landscaping services in tatsfield,0,14,0%,80.86
tree removal dormansland,0,14,0%,82.21
stump grinding meads,0,14,0%,82.43
driveway resurfacing oxted,0,14,0%,86.29
resin driveways merstham,0,14,0%,87.64
driveways godstone,0,14,0%,89.86
new resin driveways leatherhead,0,14,0%,91.36
mj groundworks,0,13,0%,5.69
drainage installation ascot,0,13,0%,17.38
site clearance hayes,0,13,0%,23.38
groundworkers bromley,0,13,0%,24
groundwork contractors caterham,0,13,0%,28.54
foundation installation in camberley,0,13,0%,29.77
paving contractor dorking,0,13,0%,32.15
resin driveways hanworth,0,13,0%,32.92
concrete bases caterham,0,13,0%,37.46
paving contractors dorking,0,13,0%,38.23
foundation installation caterham,0,13,0%,48.08
general groundwork warlingham,0,13,0%,50.38
drainage contractors in cobham,0,13,0%,52.92
groundwork company minster,0,13,0%,69.23
whyteleafe grove,0,13,0%,72.85
serviced offices monken hadley,0,13,0%,76.15
office clearance datchet,0,13,0%,78.46
expert landscaping in bletchingley,0,13,0%,78.69
plant hire abbots langley,0,13,0%,78.85
resin driveways oxshott,0,13,0%,80.31
blocked drain pinner,0,13,0%,81.92
ashley stanners (images or pics or gallery or album),0,13,0%,104.15
well diggers woodley berkshire,0,12,0%,7.33
equine groundworks dorking,0,12,0%,9.75
stump removal lower holloway,0,12,0%,9.92
building foundations sandhurst,0,12,0%,16.17
digger hire reigate,0,12,0%,19.25
mjm,0,12,0%,19.42
foundation installation woldingham,0,12,0%,24.75
groundworks staines upon thames,0,12,0%,35
groundwork specialist in bracknell,0,12,0%,36.75
groundwork contractors redhill,0,12,0%,40.42
long term excavator hire bromley,0,12,0%,44.92
wasp nest removal temple cowley,0,12,0%,46.67
digger hire waltham abbey,0,12,0%,49.83
water boreholes horsley cross street,0,12,0%,54.92
digger hire bourne,0,12,0%,56.92
resin bound surfaces moor park hertfordshire,0,12,0%,57.83
tree work givons grove,0,12,0%,70.83
tree stump removal oakwoodhill,0,12,0%,79
stump grinding egham,0,12,0%,82.33
driveways hanworth,0,12,0%,84.25
paving contractors forest row,0,12,0%,85.83
rubbish removal worplesdon,0,12,0%,87.42
paving contractor forest row,0,12,0%,89.17
resin driveways lingfield,0,12,0%,90
commercial groundworks slough,0,12,0%,94.75
groundwork services dorking,0,11,0%,11.64
basement contractors dorking,0,11,0%,18.09
digger hire godstone,0,11,0%,18.18
digger hire west wickham,0,11,0%,20.73
groundworks godalming,0,11,0%,21.18
groundwork contractors weybridge,0,11,0%,22.82
groundwork contractor in henley on thames,0,11,0%,29.73
groundwork services in henley on thames,0,11,0%,30.55
groundwork contractor in walton on thames,0,11,0%,42.09
concrete removal service newbury,0,11,0%,43.18
drainage brentford,0,11,0%,43.82
groundworks companies in london,0,11,0%,48.09
digger hire bury,0,11,0%,52.36
catering equipment hire long ditton,0,11,0%,52.91
residential water well drilling wickham bishops,0,11,0%,53.73
stump removal south mimms,0,11,0%,54.91
stump removal bloomsbury,0,11,0%,56.36
tatsfield landscaping experts,0,11,0%,60.09
driveway contractors forest row,0,11,0%,62.09
new builds in chelsham,0,11,0%,62.45
tree stump removal burntcommon,0,11,0%,66.73
london groundworks contractors,0,11,0%,69.45
tree felling westhumble,0,11,0%,78
resin driveways abbots langley hertfordshire,0,11,0%,78.09
mini digger and driver hire barnet,0,11,0%,80
tree stump removal stanwell,0,11,0%,85.73
demolition ashtead,0,11,0%,86.09
resin driveways thames ditton,0,11,0%,89
new houses in clapton common,0,11,0%,93.18
paving contractor oxted,0,11,0%,93.45
eastbury place plaistow,0,10,0%,10.7
digger hire oxted,0,10,0%,20.5
industrial groundworks in henley on thames,0,10,0%,29.4
brickwork contractor lingfield,0,10,0%,32.2
groundwork contractors in camberley,0,10,0%,40.4
drainage sunbury-on-thames,0,10,0%,42.3
stump removal eastbury,0,10,0%,45.1
groundwork contractors in reading,0,10,0%,47
digger hire arlesey,0,10,0%,56.9
stump removal downend,0,10,0%,62.7
stump removal waltham cross,0,10,0%,64.4
groundwork contractors woking,0,10,0%,65.4
drain contractor henley on thames,0,10,0%,67
groundworks plant hire services london,0,10,0%,68
tree stump removal lower halliford,0,10,0%,68.7
new builds in kingswood,0,10,0%,70.1
catering equipment hire caterham,0,10,0%,73.7
new houses in wanborough,0,10,0%,84.4
fencing contractors ruislip,0,10,0%,84.9
tree felling dunsfold,0,10,0%,85.9
surfacing contractors weybridge,0,10,0%,87.5
fencing contractors finchley,0,10,0%,90.7
resin driveways hersham,0,10,0%,90.8
groundwork companies in surrey,0,10,0%,95.6
mjm contractors,0,9,0%,7
groundworks sunningdale,0,9,0%,10.11
well diggers wokingham berkshire,0,9,0%,10.44
mjm construction,0,9,0%,16.78
construction team in sunningdale,0,9,0%,17.33
groundworks hindhead,0,9,0%,26.56
groundworks in virginia water,0,9,0%,26.67
building foundations camberley,0,9,0%,28
groundwork in bracknell,0,9,0%,32.89
groundworks and foundations in berkshire,0,9,0%,34.44
digger hire staines upon thames,0,9,0%,35
drainage installation banstead,0,9,0%,36.22
groundworks bracknell,0,9,0%,37.22
mjm industrial ltd,0,9,0%,38.44
readymix uxbridge epsom,0,9,0%,40.78
drainage horncastle,0,9,0%,41.56
groundworks purley,0,9,0%,42.33
stump removal company lower knowle,0,9,0%,46.33
concrete bases cranleigh,0,9,0%,47
groundworks contractors ashford,0,9,0%,59
stump grinding limpsfield,0,9,0%,60
groundworks contractor greater london,0,9,0%,63
stump grinding oxted,0,9,0%,68.89
stump removal east finchley,0,9,0%,69.33
local blocked drain experts pangbourne,0,9,0%,75.22
high end smart home solutions sonning,0,9,0%,75.89
s and i groundworks,0,9,0%,79.78
driveway services south godstone,0,9,0%,80.56
stump removal finchley,0,9,0%,82.33
estate contractor hertfordshire,0,9,0%,83.11
resin driveways addlestone,0,9,0%,83.67
blocked drains in gatwick,0,9,0%,87.67
demolition lingfield,0,9,0%,87.78
surfacing contractors leatherhead,0,9,0%,90.67
paving contractor lower kingswood,0,9,0%,93.11
new builds in clapton common,0,9,0%,94.56
groundworks farnham,0,9,0%,95.22
foundation installations lingfield,0,8,0%,11.5
tree stump removal pennypot,0,8,0%,16.38
hire a tower worcester park,0,8,0%,27.88
moling in crawley,0,8,0%,40.62
groundwork contractors epsom,0,8,0%,43.5
stump removal company downend,0,8,0%,43.88
stump grinding company lawrence weston,0,8,0%,49.25
groundwork specialist in guildford,0,8,0%,51.12
drainage leatherhead,0,8,0%,51.62
groundwork contractors north west,0,8,0%,52
stump removal wormley,0,8,0%,60.25
new builds felbridge,0,8,0%,62.12
new builds in felbridge,0,8,0%,64.5
holland drain systems,0,8,0%,74.12
new houses in ottershaw,0,8,0%,76.38
resin bound driveways abbots langley,0,8,0%,78.38
tree stump removal mytchett,0,8,0%,80.25
wasp nest removal fifield,0,8,0%,83.25
resin bound surfaces abbots langley hertfordshire,0,8,0%,85
commercial groundworks southend,0,8,0%,85.62
wasp nest removal lingfield,0,8,0%,88.5
driveway contractor warlingham,0,8,0%,98
mini digger hire shefford,0,8,0%,98.88
groundworks in upton,0,7,0%,15.43
paving services warfield,0,7,0%,15.43
groundworkers thamesmead,0,7,0%,16
groundwork services weybridge,0,7,0%,16.71
building contractor in sunningdale,0,7,0%,19.29
reliable groundworks contractors reigate,0,7,0%,19.29
foundation installation in cobham,0,7,0%,21.57
commercial groundworks in henley on thames,0,7,0%,22.14
tree stump removal langley vale,0,7,0%,27.86
professional groundwork in henley on thames,0,7,0%,30.43
stump grinding lower knowle,0,7,0%,32.29
digger hire wood green,0,7,0%,35.86
excavation groundwork shipley,0,7,0%,35.86
groundwork contractors in harrow,0,7,0%,36.57
new build contractor in ascot,0,7,0%,39.29
groundworks in cobham,0,7,0%,39.43
lucas groundworks ltd,0,7,0%,40
groundworks in haslemere,0,7,0%,41.43
wasp nest control temple cowley,0,7,0%,43.86
drainage installation horley,0,7,0%,46.71
new homes in cramhurst,0,7,0%,48.57
groundwork contractor in cobham,0,7,0%,48.86
drainage esher,0,7,0%,56.43
tree surgeons stanwell moor,0,7,0%,57.14
tree stump removal whitebushes,0,7,0%,63
mj services,0,7,0%,64.86
stump grinding in cranleigh,0,7,0%,70.57
tree stump removal dormansland,0,7,0%,77.86
blocked drain lightwater,0,7,0%,79.43
garden buildings sindlesham,0,7,0%,81.14
tree work norney,0,7,0%,83.57
resin driveways west norwood,0,7,0%,83.86
stump grinding walton surrey,0,7,0%,85.43
new developments farleigh,0,7,0%,89
gardeners brentford,0,7,0%,91.43
new build homes in clapton common,0,7,0%,91.43
backhoe hire albury,0,7,0%,92.71
groundwork contractors pirbright,0,6,0%,4.67
foundation services surrey,0,6,0%,10.5
tree stump removal whiteley village,0,6,0%,23.83
"building contractor in colnbrook, surrey",0,6,0%,25.33
foundation installation horley,0,6,0%,27.67
foundation installation cobham,0,6,0%,29.5
stump removal headley park,0,6,0%,30.17
concrete foundations in weybridge,0,6,0%,32.67
basement construction in weybridge,0,6,0%,33
brickwork contractor caterham,0,6,0%,35.17
mjl groundworks,0,6,0%,36.67
groundwork contractor in epsom,0,6,0%,37.17
groundwork contractor in woking,0,6,0%,39
wasp nest removal hampton poyle,0,6,0%,41.5
digger hire feltham,0,6,0%,42.17
drain contractor thame,0,6,0%,44.5
tree felling onslow village,0,6,0%,45.17
stump grinding company downend,0,6,0%,45.83
wasp nest control sutton wick,0,6,0%,46.5
groundwork contractors in oxted,0,6,0%,47.83
drainage contractors horley,0,6,0%,48.17
mjm industrial,0,6,0%,48.5
resin bound driveways eastbury,0,6,0%,53.83
groundworks redhill,0,6,0%,55.5
wasp nest control stoke row,0,6,0%,60
tree stump removal catteshall,0,6,0%,60.33
digger hire east point,0,6,0%,66.17
tree stump removal bloomsbury,0,6,0%,69.83
green hill care home crowhurst,0,6,0%,70.67
tree stump removal hambledon,0,6,0%,70.83
new resin driveways forest hill,0,6,0%,74.67
subsidence farnham,0,6,0%,75
hale rose sandy lane,0,6,0%,76.17
garden fencing tatsfield,0,6,0%,76.67
fencing limpsfield,0,6,0%,82
concrete for foundations woking,0,6,0%,85.33
site clearance feltham,0,6,0%,85.67
landscaping tatsfield,0,6,0%,88
home extensions contractors oxshott,0,6,0%,91.17
new builds in caterham,0,6,0%,91.17
resin driveway lingfield,0,6,0%,91.83
thorncombe street,0,6,0%,92
tree stump removal worplesdon,0,6,0%,93.17
general groundwork leatherhead,0,6,0%,93.83
rubbish removal bisley,0,6,0%,94.67
car hire bedfont,0,6,0%,95.5
wood fencing companies north finchley,0,6,0%,95.67
paving farleigh,0,6,0%,98.83
stump grinding hillingdon,0,6,0%,99.83
home foundations stanmore,0,5,0%,2.6
residential water boreholes horsleycross street,0,5,0%,3.4
tree stump removal little bookham,0,5,0%,7.8
concrete foundations in staines,0,5,0%,23
site clearance sheerwater,0,5,0%,23.8
groundworks contractors reigate,0,5,0%,25
groundworkers ashford,0,5,0%,26.8
foundation installers crawley,0,5,0%,27.4
tree stump removal wray common,0,5,0%,29
home foundations ruislip,0,5,0%,29.6
drainage company near beech lanes,0,5,0%,31.2
domestic groundworks in henley on thames,0,5,0%,31.6
m&j services,0,5,0%,32.4
stump grinding mossend,0,5,0%,33.6
groundwork contractors in cobham,0,5,0%,33.8
moling services in hillingdon,0,5,0%,34.4
groundwork services reigate,0,5,0%,35.4
ait contractor,0,5,0%,37.4
site clearance west byfleet,0,5,0%,37.4
groundworks contractors worcester,0,5,0%,38
site clearance brookwood,0,5,0%,38.4
site clearance chertsey,0,5,0%,40
tall building brickwork repair ewell,0,5,0%,41.2
plant hire forest of dean,0,5,0%,46.8
expert fencing services in limpsfield,0,5,0%,51.6
four stage clearance leatherhead,0,5,0%,51.8
"home extension contractor in bray, royal borough of windsor and maidenhead 
-site:indeed.com -site:instagram.com -site:wikipedia.org -site:linkedin.com 
-site:bark.com -site:facebook.com/groups",0,5,0%,52.2
stump grinding company lower knowle,0,5,0%,53.8
groundwork contractor in farnham,0,5,0%,55.2
drainage materals godalming,0,5,0%,58.8
foundation contractors guildford,0,5,0%,58.8
catering equipment hire hythe,0,5,0%,65.2
tree stump removal givons grove,0,5,0%,66.2
drain survey chilworth,0,5,0%,69
popeswood,0,5,0%,70.4
resin bound driveways herne hill,0,5,0%,77.4
wasp nest control gallowstree common,0,5,0%,79.2
asbestos removal services stoneleigh,0,5,0%,81.6
paving contractors esher,0,5,0%,81.6
driveways woldingham,0,5,0%,84.4
new builds earlswood,0,5,0%,84.4
wasp nest removal oxted,0,5,0%,91
tree removal heatherside,0,5,0%,91.2
mini digger hire abbots langley,0,5,0%,91.6
stump grinding abbots langley hertfordshire,0,5,0%,92.6
tree felling catteshall,0,5,0%,94.2
driveway contractor oxted,0,5,0%,94.6
wasp nest control fyfield,0,5,0%,95.2
digger hire hertfordshire,0,5,0%,95.8
paving contractors warlingham,0,5,0%,96.6
groundwork services watford,0,5,0%,96.8
ashley stanners leak,0,4,0%,8.5
strip foundations in berkshire,0,4,0%,9.5
trench-fill foundation in camberley,0,4,0%,10.25
plant hire warlingham,0,4,0%,19.75
asbestos removal services mickleham,0,4,0%,20.25
building contractors in south earlswood,0,4,0%,24.5
site clearance pyrford,0,4,0%,26
tree stump removal ranmore common,0,4,0%,26.25
stump removal company maidenhead,0,4,0%,28.5
site clearance hersham,0,4,0%,29.5
groundwork contractor bracknell,0,4,0%,29.75
building contractor in horsell,0,4,0%,32.75
tree felling pachesham,0,4,0%,33.25
groundworks and foundations in surrey,0,4,0%,34.75
landscapers tilehurst,0,4,0%,35
construction site clearance redhill,0,4,0%,36.75
concrete driveway demolition epsom,0,4,0%,37.75
stump removal company lawrence weston,0,4,0%,39.5
moling services in waltham forest,0,4,0%,39.75
groundworks contractors redhill,0,4,0%,41
site clearance pirbright,0,4,0%,41
residential water boreholes great oakley,0,4,0%,42.25
drainage installation camberley,0,4,0%,42.75
drainage installation cranleigh,0,4,0%,44.25
thames water approved contractor hillingdon,0,4,0%,44.5
brickwork contractor reigate,0,4,0%,46
groundworks oxted,0,4,0%,48
drainage hackney,0,4,0%,49.5
site clearance blackheath,0,4,0%,54.25
brickwork contractor oxted,0,4,0%,58.75
catering equipment hire sandhurst,0,4,0%,61.75
hopgoods,0,4,0%,64.25
groundworks hertsmere,0,4,0%,64.75
groundwork contractors minster,0,4,0%,65.25
commercial groundworks services ashford,0,4,0%,68
drainage services in bramley,0,4,0%,69.75
ashley park guildford,0,4,0%,71.5
catering equipment hire crowthorne,0,4,0%,72
basement foundations ashford,0,4,0%,72.75
property finders little stanmore greater london,0,4,0%,73.5
concrete removal deepdene,0,4,0%,75.25
building survey hambledon,0,4,0%,75.75
resin driveways the moleseys,0,4,0%,75.75
catering equipment hire hampstead,0,4,0%,76.25
new builds in crowthorne,0,4,0%,77.75
home foundations bushey,0,4,0%,79.75
paving contractors lower kingswood,0,4,0%,80.5
four stage clearance weybridge,0,4,0%,81.5
stump removal east guldeford,0,4,0%,84
catering equipment hire woodley,0,4,0%,84.25
drain services pangbourne,0,4,0%,85.25
bletchingley landscaping services,0,4,0%,86.75
tree felling heatherside,0,4,0%,87.75
catteshall lock,0,4,0%,88.25
drainage installation sandhurst,0,4,0%,90.5
combe manor berkshire,0,4,0%,92.5
wood fencing contractors in my area north finchley,0,4,0%,93.75
tree work heatherside,0,4,0%,94
wood fencing contractors in my area barnet,0,4,0%,94.25
greenham contractors equipment,0,4,0%,95
tree removal stanwell moor,0,4,0%,96.5
mjm service,0,3,0%,3
mjm company,0,3,0%,3.33
trench fill foundations in henley on thames,0,3,0%,4
strip foundation in henley on thames,0,3,0%,4.67
mjm ltd,0,3,0%,6.33
towpath digger hire,0,3,0%,6.33
mjm contracting,0,3,0%,7.33
strip foundation in newbury,0,3,0%,8.33
trench-fill foundation in newbury,0,3,0%,8.67
the car shepherd virginia water,0,3,0%,10.33
groundwork contractors,0,3,0%,10.67
drainage works middlesex,0,3,0%,11
strip foundations in woking,0,3,0%,13.67
concrete nork,0,3,0%,15.67
mjmservices,0,3,0%,15.67
foundation installations godstone,0,3,0%,18.33
concrete greenford,0,3,0%,19.33
digger hire redhill,0,3,0%,19.67
site clearance walton on thames,0,3,0%,20.33
concrete sheerwater,0,3,0%,20.67
foundation installations leatherhead,0,3,0%,20.67
groundworks contractors bracknell,0,3,0%,22.33
stump removal company headley park,0,3,0%,22.33
sewage removal services in ascot,0,3,0%,22.67
tree stump removal felbridge,0,3,0%,23
ashley shackleford leaks,0,3,0%,24
excavator services oxted,0,3,0%,24.33
mjm contract services,0,3,0%,25.33
strip foundation in surrey,0,3,0%,27
site clearance in horley,0,3,0%,27.33
excavator services godstone,0,3,0%,30
ashley stanners,0,3,0%,30.33
stump grinding stoneleigh,0,3,0%,30.67
tree stump removal ashton gate,0,3,0%,31
site clearance worplesdon,0,3,0%,32.33
tree stump removal farley green,0,3,0%,32.67
groundwork contractors leatherhead,0,3,0%,33
groundworks in staines,0,3,0%,33
new homes penny pot gardens,0,3,0%,34
groundworks specialists in farnham,0,3,0%,36
drainage contractors godstone,0,3,0%,36.33
tree stump removal upper halliford,0,3,0%,36.33
groundworks for new builds redhill,0,3,0%,37.67
groundworkers eltham,0,3,0%,38.67
groundworks for driveways reigate,0,3,0%,39
drainage contractors reigate,0,3,0%,41.67
thames water approved contractor hackney,0,3,0%,42.33
stump removal lower knowle,0,3,0%,44
moling services in waltham abbey,0,3,0%,44.67
landscape contractors pangbourne,0,3,0%,46
garden landscaping pangbourne,0,3,0%,46.67
equestrian construction upton,0,3,0%,47.33
tree stump removal st john\’s redhill,0,3,0%,47.33
groundworks worcestershire,0,3,0%,48
plant hire in reading,0,3,0%,48
groundwork contractor in surrey,0,3,0%,49
industrial groundwork surrey,0,3,0%,50.67
moling in esher,0,3,0%,51
wasp nest control stanford in the vale,0,3,0%,51.67
moling contractors herts,0,3,0%,52.33
tutts of dorking ltd,0,3,0%,52.33
drainage hampstead,0,3,0%,53
catering equipment hire clapton,0,3,0%,55.33
stump grinding company headley park,0,3,0%,56.67
ashley heath capel,0,3,0%,57
catering equipment hire ewell,0,3,0%,57
resin driveways moor park hertfordshire,0,3,0%,57.33
subsidence slough,0,3,0%,58
new home builder burpham,0,3,0%,60.33
moling services in barnet,0,3,0%,63.67
tree stump removal old shepperton,0,3,0%,64.67
groundwork woking,0,3,0%,65
high end smart home solutions oxshott,0,3,0%,65.33
drainage weybridge,0,3,0%,68.67
groundworks surrey,0,3,0%,71.33
stump grinding ruislip,0,3,0%,72.67
catering equipment hire charlton,0,3,0%,73.33
removals peasmarsh,0,3,0%,74.33
sindlesham court limited,0,3,0%,74.67
smart lock installation in horley,0,3,0%,74.67
frogmill,0,3,0%,75
farnborough plant hire,0,3,0%,75.33
ash hamm,0,3,0%,76.33
catering equipment hire hillingdon,0,3,0%,76.33
feriencamp gatton park,0,3,0%,76.33
concrete bases purley,0,3,0%,77
"maid service in stratfield mortimer, west berkshire",0,3,0%,77.33
catering equipment hire farnborough,0,3,0%,78.33
groundworks contractors surrey,0,3,0%,78.33
stanmore quality surfacing ltd,0,3,0%,78.67
blocked drain poplar,0,3,0%,79
breaker hire hertfordshire,0,3,0%,79.67
catering equipment hire south norwood,0,3,0%,80
stump grinding company knowle,0,3,0%,80
stump grinding upton,0,3,0%,80.33
drainage company godstone,0,3,0%,82.33
drainage contractors in haslemere,0,3,0%,82.67
commercial paving kingfield,0,3,0%,83.33
stump extraction in farnborough,0,3,0%,84.33
catering equipment hire godalming,0,3,0%,84.67
new build houses in emmer green,0,3,0%,84.67
paving contractor esher,0,3,0%,85.33
catering equipment hire weybridge,0,3,0%,87
chelsham common,0,3,0%,87.67
feltham construction newbury,0,3,0%,88
oxted fencing contractors,0,3,0%,88
surfacing contractors newtown,0,3,0%,89.67
tree stump removal wrecclesha,0,3,0%,89.67
stump grinding east guldeford,0,3,0%,90
plant hire mile end,0,3,0%,92
the thames court towpath shepperton,0,3,0%,92
stump removal east ham,0,3,0%,92.33
groundwork companies uxbridge,0,3,0%,93
molesey drainage,0,3,0%,93
new driveway godstone,0,3,0%,93.67
blocked drain shoreditch,0,3,0%,94.33
drainage system surveys in camberley,0,3,0%,94.33
catering equipment hire reigate,0,3,0%,94.67
chipstead car hire,0,3,0%,94.67
garden buildings aldermaston,0,3,0%,96.33
new builds in caversham,0,3,0%,98
mjm paving,0,2,0%,1
tree stump removal hydestile,0,2,0%,4
site clearance knaphill,0,2,0%,5.5
site clearance hatton,0,2,0%,6.5
site clearance fetcham,0,2,0%,7
stump removal waltham holy cross,0,2,0%,7.5
"construction company in horton, royal borough of windsor and maidenhead",0,2,0%,8
digger hire arlesley,0,2,0%,9
site clearance shepperton,0,2,0%,9
strip foundations in birkshire,0,2,0%,9.5
foundation installation in hertfordshire,0,2,0%,11
mjm surrey,0,2,0%,11
enton meadows,0,2,0%,11.5
site clearance byfleet,0,2,0%,12
bulk excavations woldingham,0,2,0%,12.5
site clearance chobham,0,2,0%,12.5
concrete eastbury,0,2,0%,13
foundation installations oxshott,0,2,0%,14
groundwork contractors lingfield,0,2,0%,14.5
raft foundations berkshire,0,2,0%,14.5
m and j services,0,2,0%,15
berkshire east diggers latest,0,2,0%,15.5
site clearance addlestone,0,2,0%,15.5
site clearance woking,0,2,0%,15.5
foundation installation dorking,0,2,0%,16.5
site clearance staines upon thames,0,2,0%,16.5
concrete supplier stoke d'abernon,0,2,0%,17
site clearance wisley,0,2,0%,17
groundworks brentford,0,2,0%,18
groundwork services kensington,0,2,0%,19.5
chertsey plant hire,0,2,0%,20
groundworks acton,0,2,0%,22.5
bottom groundworks,0,2,0%,24
site clearance enfield,0,2,0%,25
strip foundations in surrey,0,2,0%,25.5
stump grinding headley park,0,2,0%,25.5
estate management beare green,0,2,0%,26
mortimer coley,0,2,0%,27.5
site clearance in godalming,0,2,0%,28
stump removal whitechapel,0,2,0%,28.5
best groundworks specialists redhill,0,2,0%,29
land clearance in godalming,0,2,0%,29.5
foundation installation in haslemere,0,2,0%,30
groundworks herts,0,2,0%,32.5
land clearance in guildford,0,2,0%,32.5
vegetation clearance hertfordshire,0,2,0%,33.5
holly burchett,0,2,0%,34.5
vegetation clearance in wokingham,0,2,0%,35
groundwork services farnborough,0,2,0%,35.5
moling services in ditton,0,2,0%,36
rowly bourne,0,2,0%,36
brickwork contractor in dorking,0,2,0%,36.5
anvilles,0,2,0%,38
groundworks company in camberley,0,2,0%,38
ty.holmwood,0,2,0%,39
bracknell to addlestone,0,2,0%,41.5
aaron's of wick,0,2,0%,42
concrete groundworks reigate,0,2,0%,42.5
drainage contractors godalming,0,2,0%,42.5
goddard mile end,0,2,0%,42.5
groundworks slough,0,2,0%,42.5
brick expert ewell,0,2,0%,43
groundworks services in farnham,0,2,0%,43.5
home foundations pinner,0,2,0%,43.5
mjl contractors ltd,0,2,0%,43.5
surfacing contractor in weybridge,0,2,0%,46
rubbish removal kempton,0,2,0%,46.5
paving services pangbourne,0,2,0%,48
resin driveway company woodside,0,2,0%,48
brickwork contractor in epsom,0,2,0%,49
drainage contractor in reigate,0,2,0%,49
groundworks contractor in farnham,0,2,0%,49.5
brickwork contractor epsom,0,2,0%,50.5
new builds in rowledge,0,2,0%,50.5
thames water approved contractor kensington,0,2,0%,50.5
drainage engineer ash,0,2,0%,52
tree stump removal badshot lea,0,2,0%,52
drainage materials in godalming,0,2,0%,55.5
mile end goddard,0,2,0%,56
drainage guildford,0,2,0%,57
commercial drainage pinner,0,2,0%,57.5
berkshire plant hire,0,2,0%,58
"fence installer in tilehurst, west berkshire",0,2,0%,58.5
commercial groundworks surrey,0,2,0%,59.5
tree stump removal burwood park,0,2,0%,60
wasp nest control stoke lyne,0,2,0%,60.5
tree stump removal weston green,0,2,0%,61
site clearance maney,0,2,0%,61.5
wasp nest removal stanford in the vale,0,2,0%,62
stump removal tottenham,0,2,0%,62.5
car wash donnington,0,2,0%,63
kiff farley,0,2,0%,63
angle shere,0,2,0%,63.5
construction work mayford,0,2,0%,64
groundwork contractor in wadhurst,0,2,0%,64
tyrrell court,0,2,0%,64
drainage services in cobham,0,2,0%,64.5
slough plant hire,0,2,0%,66.5
catering equipment hire egham,0,2,0%,67
groundworks hook,0,2,0%,67
charvil meadows,0,2,0%,67.5
knowle abbey,0,2,0%,67.5
paving contractors claygate,0,2,0%,67.5
building surveyors headley down,0,2,0%,69
catering equipment hire teddington,0,2,0%,69.5
general groundwork eltham,0,2,0%,70.5
catteshall manor,0,2,0%,71
storage riseley,0,2,0%,71
shellwood manor,0,2,0%,72
southcote lock,0,2,0%,72
catering equipment hire hungerford,0,2,0%,73
kingsbury court bisley,0,2,0%,73
fencing mytchett,0,2,0%,74
anvil court horley surrey,0,2,0%,74.5
caversham heights post office,0,2,0%,75
stump removal company upton,0,2,0%,75
catering equipment hire blackheath,0,2,0%,75.5
stump removal hackney,0,2,0%,77
cranbourne stone ltd,0,2,0%,77.5
resin driveways ewell,0,2,0%,77.5
tandridge heights oxted,0,2,0%,77.5
drain clearance shaw,0,2,0%,78
park homes clewer,0,2,0%,79.5
groundwork services in wadhurst,0,2,0%,80
abbey wentworth,0,2,0%,80.5
plant hire in maidenhead,0,2,0%,82.5
catering equipment hire redhill,0,2,0%,83.5
drainage company oxted,0,2,0%,84
commercial fencing contractors ruislip,0,2,0%,85
high end smart home solutions ascot,0,2,0%,85
merrow woods,0,2,0%,85
bellfields,0,2,0%,85.5
catering equipment hire twickenham,0,2,0%,85.5
driveway paving specialists godstone,0,2,0%,85.5
groundworks wallington,0,2,0%,85.5
amen corner post office,0,2,0%,86
groundworks in farnham,0,2,0%,86
highway contractor middlesex,0,2,0%,86
new builds in chertsey,0,2,0%,86.5
aarons hill,0,2,0%,87
hampton new builds,0,2,0%,87
resin driveways chertsey,0,2,0%,87.5
foundation contractors woking,0,2,0%,88
tree stump removal chiddingfold,0,2,0%,89
bowsey hill,0,2,0%,90
catering equipment hire slough,0,2,0%,90